{
  "num_docs": 806,
  "total_chars": 13883029,
  "total_tokens": 2891691,
  "avg_chars_per_doc": 17224.601736972705,
  "avg_tokens_per_doc": 3587.7059553349877,
  "avg_chars_per_token": 4.801007092389885
}